{"cameraMode":{"drawMode":0,"name":"Shaded","section":"Shading Mode"},"sceneLighting":false,"audioPlay":false,"sceneViewState":{"m_AlwaysRefresh":false,"showFog":true,"showSkybox":false,"showFlares":true,"showImageEffects":true,"showParticleSystems":true,"showVisualEffectGraphs":true,"m_FxEnabled":true},"in2DMode":false,"pivot":{"x":-19.238479614257814,"y":2.8000001907348635,"z":18.507108688354493},"rotation":{"x":0.007169761694967747,"y":-0.09406796842813492,"z":-0.000672676251269877,"w":-0.9955899715423584},"size":2.4494898319244386,"orthographic":false}